Keyword,Currency,avg_monthly_searches,three_month_change,yoy_change,Competition,competition_index,bid_low,bid_high,Ad impression share,Organic impression share,Organic average position,In account?,In plan?,Searches: Jul 2022,Searches: Aug 2022,Searches: Sep 2022,Searches: Oct 2022,Searches: Nov 2022,Searches: Dec 2022,Searches: Jan 2023,Searches: Feb 2023,Searches: Mar 2023,Searches: Apr 2023,Searches: May 2023,Searches: Jun 2023
servicios financieros,ARS,880.0,0.0,0.0,Medium,36.0,24.57,480.39,,,,,,880.0,880.0,880.0,880.0,880.0,720.0,880.0,720.0,880.0,1000.0,1000.0,1000.0
sector economico,ARS,2400.0,-19.0,0.0,Low,0.0,10.59,76.88,,,,,,1300.0,2400.0,2400.0,2400.0,3600.0,1600.0,210.0,1300.0,3600.0,3600.0,4400.0,2900.0
sectores economicos,ARS,2400.0,-19.0,0.0,Low,0.0,10.59,76.88,,,,,,1300.0,2400.0,2400.0,2400.0,3600.0,1600.0,210.0,1300.0,3600.0,3600.0,4400.0,2900.0
sector cuaternario,ARS,880.0,0.0,0.0,Low,0.0,,,,,,,,590.0,1000.0,880.0,1000.0,1300.0,390.0,50.0,260.0,1000.0,1300.0,1600.0,1300.0
sector primario secundario y terciario,ARS,1000.0,0.0,30.0,Low,0.0,,,,,,,,590.0,1000.0,1000.0,1000.0,1600.0,720.0,90.0,390.0,1000.0,1300.0,1600.0,1300.0
sectores de la economia,ARS,1000.0,-19.0,-19.0,Low,1.0,9.74,76.88,,,,,,720.0,1000.0,1000.0,880.0,1600.0,880.0,110.0,590.0,1600.0,1600.0,1600.0,1300.0
sector terciario ejemplos,ARS,880.0,-19.0,0.0,Low,0.0,,,,,,,,590.0,1000.0,880.0,880.0,1000.0,390.0,40.0,260.0,1300.0,1600.0,1600.0,1300.0
auditoria financiera,ARS,70.0,-22.0,0.0,Medium,37.0,34.67,132.17,,,,,,70.0,70.0,70.0,70.0,70.0,40.0,40.0,40.0,90.0,90.0,90.0,70.0
instituciones financieras,ARS,390.0,0.0,23.0,Low,14.0,39.93,109.31,,,,,,390.0,480.0,390.0,390.0,480.0,480.0,320.0,390.0,480.0,480.0,480.0,480.0
entidades financieras,ARS,720.0,0.0,0.0,Low,25.0,44.25,148.71,,,,,,590.0,880.0,880.0,880.0,480.0,320.0,260.0,260.0,880.0,1000.0,1000.0,1000.0
economia informal,ARS,720.0,-19.0,50.0,Low,1.0,1.42,158.35,,,,,,170.0,260.0,260.0,260.0,210.0,110.0,2400.0,1300.0,1300.0,480.0,590.0,390.0
intermediarios financieros,ARS,210.0,-19.0,-35.0,Low,17.0,42.26,106.48,,,,,,140.0,210.0,260.0,320.0,260.0,170.0,210.0,90.0,140.0,210.0,210.0,170.0
financieros,ARS,4400.0,-19.0,0.0,Medium,37.0,35.63,110.31,,,,,,4400.0,4400.0,4400.0,4400.0,4400.0,2900.0,4400.0,4400.0,5400.0,5400.0,5400.0,4400.0
banco financiero,ARS,390.0,22.0,0.0,Medium,41.0,4.33,162.34,,,,,,320.0,480.0,480.0,390.0,320.0,320.0,320.0,320.0,390.0,320.0,390.0,390.0
banco de servicios financieros,ARS,2900.0,0.0,21.0,Low,26.0,3.61,51.22,,,,,,2400.0,2900.0,2900.0,2900.0,2400.0,2400.0,2900.0,2400.0,2900.0,2900.0,2900.0,2900.0
control financiero,ARS,210.0,-18.0,-33.0,Low,33.0,31.02,137.39,,,,,,590.0,210.0,170.0,210.0,210.0,110.0,110.0,110.0,170.0,170.0,170.0,140.0
asesoria financiera,ARS,1900.0,-21.0,46.0,Medium,61.0,78.45,318.55,,,,,,1600.0,1900.0,1900.0,1600.0,1600.0,1300.0,2400.0,1900.0,2400.0,2400.0,2400.0,1900.0
servicio financiero carrefour,ARS,5400.0,0.0,0.0,Low,32.0,3.6,10.1,,,,,,5400.0,5400.0,5400.0,5400.0,5400.0,5400.0,5400.0,5400.0,5400.0,5400.0,6600.0,5400.0
sector economico de una empresa,ARS,40.0,25.0,25.0,Low,1.0,,,,,,,,20.0,40.0,30.0,30.0,40.0,20.0,10.0,20.0,70.0,40.0,70.0,50.0
grupo financiero,ARS,40.0,0.0,-20.0,Low,27.0,19.8,77.43,,,,,,20.0,40.0,30.0,50.0,40.0,20.0,30.0,30.0,40.0,40.0,50.0,40.0
sector primario de la economia,ARS,210.0,-33.0,24.0,Low,0.0,,,,,,,,110.0,210.0,210.0,210.0,320.0,140.0,20.0,90.0,260.0,390.0,390.0,260.0
los sectores economicos,ARS,90.0,0.0,0.0,Low,0.0,,,,,,,,50.0,90.0,70.0,90.0,110.0,50.0,10.0,20.0,140.0,110.0,110.0,110.0
superintendencia de bancos e instituciones financieras,ARS,10.0,0.0,0.0,Low,0.0,,,,,,,,10.0,10.0,10.0,10.0,0.0,10.0,10.0,10.0,10.0,10.0,10.0,10.0
iudu compañia financiera,ARS,720.0,-34.0,-79.0,Low,25.0,36.59,181.62,,,,,,1000.0,1000.0,1300.0,1300.0,1300.0,880.0,720.0,480.0,390.0,320.0,260.0,210.0
sectores empresariales,ARS,40.0,25.0,-29.0,Low,7.0,24.03,42.24,,,,,,40.0,50.0,40.0,70.0,70.0,20.0,20.0,20.0,50.0,40.0,70.0,50.0
auditoria de estados financieros,ARS,10.0,0.0,0.0,Low,27.0,,,,,,,,10.0,10.0,10.0,10.0,10.0,10.0,10.0,10.0,10.0,10.0,20.0,10.0
acceso financiero,ARS,110.0,133.0,2000.0,Low,13.0,32.76,127.09,,,,,,10.0,20.0,0.0,10.0,10.0,10.0,140.0,480.0,170.0,90.0,90.0,210.0
sectores económicos ejemplos,ARS,90.0,-35.0,-21.0,Low,0.0,,,,,,,,70.0,110.0,110.0,50.0,90.0,50.0,10.0,40.0,140.0,170.0,170.0,110.0
asesor financiero que hace,ARS,110.0,-21.0,22.0,Medium,40.0,31.56,240.26,,,,,,110.0,110.0,110.0,110.0,110.0,90.0,110.0,140.0,140.0,140.0,140.0,110.0
consultoria financiera,ARS,260.0,-19.0,0.0,Medium,56.0,69.09,249.46,,,,,,210.0,320.0,260.0,210.0,210.0,210.0,210.0,210.0,260.0,260.0,210.0,210.0
sectores de producción,ARS,590.0,-18.0,-33.0,Low,1.0,14.55,39.29,,,,,,320.0,720.0,590.0,590.0,880.0,480.0,50.0,210.0,720.0,720.0,880.0,590.0
intereses financieros,ARS,140.0,-46.0,0.0,Low,10.0,16.1,71.25,,,,,,110.0,140.0,140.0,140.0,170.0,110.0,90.0,110.0,210.0,260.0,170.0,140.0
administración bancaria y financiera,ARS,20.0,100.0,100.0,Medium,64.0,49.01,190.13,,,,,,10.0,20.0,10.0,20.0,10.0,20.0,10.0,10.0,50.0,10.0,10.0,20.0
banco servicios financieros,ARS,880.0,-18.0,0.0,Low,25.0,3.57,36.01,,,,,,720.0,880.0,720.0,720.0,720.0,720.0,880.0,720.0,880.0,880.0,880.0,720.0
banco financiero carrefour,ARS,720.0,-18.0,0.0,Low,30.0,3.55,30.69,,,,,,590.0,720.0,720.0,720.0,720.0,720.0,720.0,590.0,720.0,720.0,880.0,590.0
falabella inversiones financieras sa,ARS,10.0,0.0,0.0,Low,0.0,,,,,,,,10.0,10.0,0.0,10.0,10.0,0.0,0.0,10.0,0.0,10.0,0.0,10.0
bancodeserviciosfinancieros com ar carrefour,ARS,480.0,0.0,0.0,Low,32.0,3.55,61.98,,,,,,590.0,590.0,590.0,480.0,480.0,390.0,590.0,480.0,480.0,480.0,590.0,480.0
servicios financieros sa,ARS,10.0,0.0,0.0,Medium,41.0,5.23,63.88,,,,,,10.0,10.0,10.0,10.0,10.0,10.0,10.0,10.0,10.0,10.0,10.0,10.0
reba compañia financiera,ARS,880.0,0.0,238.0,Low,29.0,27.05,293.24,,,,,,480.0,720.0,880.0,590.0,880.0,880.0,1000.0,1300.0,1000.0,880.0,1000.0,880.0
came servicios financieros,ARS,10.0,-100.0,-100.0,Unknown,,,,,,,,,0.0,10.0,10.0,0.0,10.0,10.0,10.0,0.0,10.0,10.0,0.0,0.0
asesor financiero personal,ARS,50.0,0.0,133.0,Medium,65.0,71.91,262.1,,,,,,40.0,40.0,50.0,70.0,50.0,30.0,70.0,70.0,50.0,70.0,50.0,70.0
instituciones financieras no bancarias,ARS,10.0,100.0,0.0,Low,9.0,,,,,,,,10.0,10.0,10.0,10.0,10.0,10.0,10.0,10.0,20.0,10.0,10.0,20.0
creditos financieros,ARS,110.0,89.0,55.0,Medium,59.0,49.43,204.63,,,,,,70.0,110.0,140.0,110.0,90.0,50.0,90.0,90.0,140.0,90.0,110.0,170.0
sbs estados financieros,ARS,10.0,-100.0,0.0,Unknown,,,,,,,,,10.0,0.0,10.0,10.0,0.0,0.0,0.0,0.0,10.0,10.0,0.0,0.0
asesor financiero independiente,ARS,50.0,0.0,0.0,High,70.0,46.63,235.69,,,,,,50.0,50.0,50.0,90.0,30.0,50.0,40.0,50.0,50.0,50.0,30.0,50.0
tu financiera préstamos,ARS,10.0,0.0,0.0,Unknown,,,,,,,,,0.0,10.0,0.0,0.0,0.0,0.0,0.0,0.0,10.0,0.0,0.0,0.0
economia formal e informal,ARS,50.0,-55.0,0.0,Low,1.0,,,,,,,,30.0,10.0,50.0,40.0,20.0,20.0,10.0,10.0,170.0,110.0,70.0,50.0
asesores financieros para particulares,ARS,10.0,-100.0,-100.0,Unknown,,,,,,,,,10.0,10.0,10.0,10.0,10.0,10.0,10.0,10.0,10.0,10.0,10.0,0.0
bancos financieros,ARS,390.0,22.0,0.0,Medium,41.0,4.33,162.34,,,,,,320.0,480.0,480.0,390.0,320.0,320.0,320.0,320.0,390.0,320.0,390.0,390.0
5 instituciones financieras,ARS,10.0,-50.0,0.0,Low,17.0,,,,,,,,10.0,10.0,10.0,20.0,20.0,10.0,10.0,10.0,30.0,20.0,10.0,10.0
estados financieros de walmart,ARS,10.0,-100.0,-100.0,Unknown,,,,,,,,,10.0,0.0,10.0,10.0,10.0,0.0,0.0,10.0,10.0,10.0,10.0,0.0
empresas de servicios financieros,ARS,30.0,-60.0,-33.0,Medium,54.0,35.22,471.0,,,,,,20.0,20.0,10.0,30.0,20.0,20.0,10.0,30.0,40.0,50.0,70.0,20.0
proyectos financieros,ARS,20.0,-75.0,-50.0,Medium,42.0,54.82,242.99,,,,,,10.0,20.0,20.0,30.0,20.0,10.0,10.0,10.0,50.0,40.0,20.0,10.0
economia terciaria,ARS,40.0,-29.0,-29.0,Low,9.0,17.61,74.53,,,,,,30.0,40.0,50.0,40.0,70.0,30.0,10.0,10.0,40.0,70.0,50.0,50.0
fondos financieros,ARS,40.0,25.0,25.0,Medium,39.0,51.79,133.78,,,,,,40.0,50.0,30.0,40.0,50.0,10.0,20.0,30.0,40.0,40.0,30.0,50.0
sector socioeconómico,ARS,30.0,150.0,150.0,Low,0.0,,,,,,,,30.0,50.0,50.0,40.0,30.0,10.0,10.0,10.0,20.0,20.0,50.0,50.0
ambito financiero mercados,ARS,210.0,189.0,-19.0,Low,17.0,47.69,88.19,,,,,,320.0,260.0,210.0,170.0,210.0,170.0,110.0,70.0,110.0,90.0,260.0,260.0
auxiliar financiero,ARS,10.0,0.0,0.0,Medium,55.0,24.47,98.16,,,,,,10.0,10.0,10.0,10.0,10.0,10.0,10.0,10.0,10.0,10.0,10.0,10.0
asesor financiero cerca de mi,ARS,10.0,0.0,,Medium,43.0,,,,,,,,0.0,10.0,0.0,0.0,0.0,10.0,0.0,0.0,10.0,10.0,0.0,10.0
servicios financieros carrefour 0800,ARS,210.0,-46.0,-33.0,Low,16.0,3.4,7.89,,,,,,260.0,260.0,210.0,260.0,260.0,210.0,210.0,170.0,110.0,260.0,260.0,140.0
emprendedores financieros,ARS,10.0,0.0,0.0,High,69.0,58.62,227.56,,,,,,10.0,0.0,10.0,10.0,10.0,10.0,10.0,10.0,10.0,10.0,10.0,10.0
los intermediarios financieros,ARS,10.0,0.0,0.0,Low,9.0,,,,,,,,10.0,10.0,20.0,10.0,20.0,10.0,10.0,10.0,10.0,10.0,10.0,10.0
servicios financieros walmart,ARS,140.0,-78.0,-90.0,Low,8.0,,,,,,,,210.0,170.0,140.0,170.0,210.0,110.0,170.0,110.0,90.0,90.0,50.0,20.0
campus financiero,ARS,10.0,0.0,0.0,Medium,36.0,,,,,,,,10.0,0.0,0.0,10.0,10.0,10.0,0.0,10.0,10.0,10.0,10.0,10.0
las instituciones financieras,ARS,10.0,0.0,0.0,Low,0.0,,,,,,,,10.0,10.0,10.0,0.0,10.0,0.0,0.0,10.0,10.0,10.0,10.0,10.0
intermediarios financieros bancarios,ARS,20.0,0.0,-75.0,Low,24.0,47.61,67.68,,,,,,10.0,20.0,10.0,30.0,40.0,20.0,10.0,10.0,10.0,10.0,10.0,10.0
entidades financieras no bancarias,ARS,30.0,33.0,0.0,Low,24.0,8.37,125.24,,,,,,40.0,30.0,30.0,20.0,30.0,20.0,30.0,20.0,40.0,30.0,40.0,40.0
cordial financiera 0800,ARS,110.0,-67.0,-82.0,Low,14.0,4.73,68.89,,,,,,140.0,140.0,170.0,170.0,170.0,110.0,90.0,90.0,90.0,90.0,50.0,30.0
establecimientos financieros de crédito,ARS,10.0,0.0,0.0,Low,0.0,,,,,,,,10.0,0.0,10.0,10.0,10.0,10.0,10.0,10.0,10.0,10.0,10.0,10.0
crédito financiero,ARS,30.0,-33.0,0.0,Medium,46.0,44.43,151.6,,,,,,30.0,30.0,20.0,30.0,20.0,20.0,40.0,110.0,30.0,30.0,20.0,20.0
consorcio financiero,ARS,10.0,0.0,0.0,Low,8.0,,,,,,,,10.0,10.0,10.0,10.0,10.0,10.0,10.0,10.0,10.0,10.0,10.0,10.0
economia primaria secundaria y terciaria,ARS,50.0,-20.0,-20.0,Low,0.0,,,,,,,,50.0,70.0,40.0,70.0,90.0,40.0,10.0,20.0,50.0,50.0,50.0,40.0
banco de servicios financieros carrefour,ARS,170.0,0.0,-35.0,Low,27.0,3.55,15.04,,,,,,170.0,260.0,210.0,170.0,140.0,140.0,170.0,210.0,140.0,110.0,210.0,110.0
azierta servicios financieros,ARS,10.0,0.0,0.0,Unknown,,,,,,,,,0.0,0.0,0.0,0.0,0.0,10.0,0.0,0.0,10.0,0.0,0.0,0.0
sector público economía,ARS,140.0,0.0,-19.0,Low,5.0,8.09,546.04,,,,,,110.0,170.0,140.0,170.0,210.0,110.0,30.0,70.0,170.0,170.0,170.0,170.0
grupo financiero inbursa asesores,ARS,0.0,0.0,0.0,Unknown,,,,,,,,,0.0,0.0,0.0,0.0,0.0,0.0,0.0,0.0,0.0,0.0,0.0,0.0
estados financieros falabella,ARS,10.0,,0.0,Low,0.0,,,,,,,,10.0,0.0,0.0,10.0,0.0,0.0,0.0,0.0,10.0,0.0,0.0,10.0
auditoria de los estados financieros,ARS,10.0,0.0,-100.0,Unknown,,,,,,,,,10.0,0.0,10.0,0.0,0.0,10.0,0.0,0.0,10.0,0.0,10.0,0.0
compañia de servicios financieros,ARS,10.0,0.0,0.0,Medium,57.0,,,,,,,,10.0,10.0,10.0,10.0,10.0,10.0,10.0,10.0,10.0,10.0,10.0,10.0
superintendencia de servicios financieros,ARS,10.0,0.0,0.0,Low,0.0,,,,,,,,10.0,10.0,10.0,10.0,10.0,10.0,10.0,10.0,10.0,10.0,10.0,10.0
servicios no financieros,ARS,10.0,0.0,0.0,Low,0.0,,,,,,,,10.0,0.0,0.0,10.0,10.0,10.0,0.0,10.0,10.0,10.0,10.0,10.0
presente financiero,ARS,10.0,-100.0,0.0,Unknown,,,,,,,,,0.0,0.0,0.0,0.0,0.0,0.0,10.0,0.0,0.0,10.0,0.0,0.0
coval servicios financieros,ARS,10.0,-100.0,-100.0,Unknown,,,,,,,,,0.0,0.0,0.0,10.0,10.0,0.0,10.0,0.0,0.0,10.0,0.0,0.0
entidades financieras bcra,ARS,170.0,24.0,0.0,Low,3.0,61.94,5460.37,,,,,,140.0,170.0,170.0,140.0,140.0,140.0,110.0,140.0,210.0,170.0,170.0,210.0
id financiero,ARS,10.0,-100.0,-100.0,Unknown,,,,,,,,,10.0,0.0,10.0,0.0,0.0,0.0,0.0,10.0,0.0,10.0,10.0,0.0
administrativo financiero,ARS,10.0,0.0,-67.0,Medium,39.0,42.77,100.26,,,,,,10.0,30.0,10.0,20.0,10.0,10.0,10.0,10.0,10.0,10.0,20.0,10.0
economia agricultura,ARS,20.0,100.0,0.0,Low,26.0,21.46,483.24,,,,,,10.0,20.0,20.0,30.0,30.0,10.0,10.0,10.0,20.0,10.0,30.0,20.0
auditoria financiera que es,ARS,10.0,-100.0,-100.0,Unknown,,,,,,,,,10.0,10.0,10.0,10.0,10.0,10.0,0.0,10.0,10.0,10.0,10.0,0.0
organización financiera,ARS,30.0,0.0,33.0,Medium,35.0,45.37,119.87,,,,,,50.0,20.0,30.0,30.0,40.0,10.0,30.0,20.0,50.0,40.0,30.0,40.0
coste financiero,ARS,390.0,0.0,-19.0,Low,3.0,55.18,190.84,,,,,,320.0,390.0,480.0,480.0,480.0,210.0,170.0,260.0,320.0,390.0,480.0,390.0
estados financieros complementarios,ARS,10.0,0.0,-100.0,Unknown,,,,,,,,,10.0,10.0,0.0,10.0,10.0,0.0,10.0,0.0,0.0,0.0,10.0,0.0
servicios financieros que es,ARS,10.0,0.0,100.0,Low,15.0,32.13,806.58,,,,,,10.0,20.0,10.0,20.0,20.0,10.0,10.0,10.0,10.0,20.0,20.0,20.0
compañias financieras,ARS,260.0,22.0,22.0,Medium,34.0,34.64,175.73,,,,,,260.0,260.0,320.0,320.0,320.0,140.0,210.0,170.0,260.0,320.0,260.0,390.0
servicios de organización financiera,ARS,10.0,-100.0,0.0,Unknown,,,,,,,,,0.0,0.0,0.0,0.0,0.0,10.0,10.0,0.0,0.0,10.0,10.0,0.0
cordial financiera 0810,ARS,110.0,-56.0,-56.0,Low,14.0,2.73,30.04,,,,,,10.0,110.0,170.0,260.0,210.0,110.0,140.0,50.0,70.0,90.0,70.0,40.0
empresa de sector terciario,ARS,40.0,-55.0,0.0,Low,0.0,,,,,,,,40.0,30.0,30.0,20.0,40.0,20.0,0.0,20.0,90.0,110.0,110.0,50.0
asesor financiero online,ARS,10.0,0.0,0.0,Medium,66.0,79.16,193.1,,,,,,10.0,10.0,20.0,10.0,10.0,10.0,10.0,10.0,30.0,10.0,10.0,10.0
gestion financiera que es,ARS,170.0,0.0,0.0,Low,19.0,27.9,81.91,,,,,,90.0,170.0,140.0,260.0,320.0,140.0,50.0,70.0,260.0,170.0,170.0,170.0
descuentos financieros,ARS,30.0,-60.0,-33.0,Low,13.0,164.23,893.59,,,,,,30.0,30.0,40.0,20.0,20.0,20.0,10.0,10.0,20.0,50.0,40.0,20.0
reba compañia financiera sa,ARS,30.0,50.0,50.0,Low,8.0,110.83,314.84,,,,,,10.0,40.0,50.0,40.0,30.0,30.0,30.0,30.0,40.0,20.0,40.0,30.0
el pais financiero,ARS,10.0,,0.0,Low,14.0,,,,,,,,20.0,10.0,0.0,10.0,10.0,10.0,0.0,0.0,0.0,0.0,0.0,10.0
financiera enlace,ARS,10.0,,0.0,Low,0.0,,,,,,,,0.0,10.0,10.0,10.0,0.0,0.0,10.0,0.0,0.0,0.0,10.0,10.0
grupo financiero bancomer,ARS,0.0,0.0,0.0,Unknown,,,,,,,,,0.0,0.0,0.0,0.0,0.0,0.0,0.0,0.0,0.0,0.0,0.0,0.0
la auditoria financiera,ARS,10.0,0.0,0.0,Unknown,,,,,,,,,0.0,10.0,0.0,0.0,0.0,0.0,0.0,0.0,0.0,0.0,10.0,0.0
bcra entidades financieras,ARS,110.0,27.0,27.0,Low,3.0,39.96,5460.37,,,,,,90.0,110.0,110.0,110.0,90.0,90.0,110.0,110.0,140.0,110.0,110.0,140.0
outsourcing financiero,ARS,10.0,0.0,0.0,Medium,62.0,,,,,,,,10.0,10.0,10.0,10.0,10.0,10.0,10.0,10.0,0.0,10.0,10.0,10.0
los servicios financieros,ARS,10.0,0.0,0.0,Low,14.0,,,,,,,,0.0,10.0,10.0,10.0,10.0,0.0,10.0,10.0,10.0,10.0,10.0,10.0
contabilidad de instituciones financieras,ARS,10.0,-100.0,0.0,Unknown,,,,,,,,,0.0,0.0,0.0,10.0,0.0,0.0,0.0,0.0,0.0,10.0,0.0,0.0
auditoria estados financieros,ARS,10.0,-100.0,-100.0,Unknown,,,,,,,,,10.0,10.0,10.0,10.0,10.0,0.0,10.0,10.0,10.0,10.0,10.0,0.0
walmart estados financieros,ARS,10.0,0.0,0.0,Low,0.0,,,,,,,,10.0,10.0,10.0,10.0,10.0,10.0,0.0,10.0,10.0,10.0,0.0,10.0
asesor de servicios financieros,ARS,10.0,0.0,0.0,Unknown,,,,,,,,,10.0,10.0,0.0,0.0,0.0,0.0,10.0,0.0,0.0,0.0,10.0,0.0
cip servicios financieros,ARS,10.0,0.0,0.0,Unknown,,,,,,,,,0.0,10.0,0.0,10.0,0.0,10.0,0.0,0.0,10.0,0.0,0.0,0.0
fortuna servicios financieros premium,ARS,0.0,0.0,0.0,Unknown,,,,,,,,,0.0,0.0,0.0,0.0,0.0,0.0,0.0,0.0,0.0,0.0,0.0,0.0
entidades no financieras,ARS,50.0,-29.0,0.0,Low,3.0,,,,,,,,40.0,70.0,50.0,70.0,110.0,30.0,10.0,20.0,30.0,70.0,90.0,50.0
telefono iudu compañia financiera,ARS,40.0,0.0,-93.0,Low,14.0,,,,,,,,90.0,70.0,70.0,90.0,90.0,30.0,10.0,10.0,10.0,10.0,10.0,10.0
serfin financiera,ARS,10.0,0.0,0.0,Medium,48.0,,,,,,,,10.0,0.0,10.0,10.0,0.0,0.0,10.0,0.0,10.0,10.0,10.0,10.0
instituciones financieras bancarias,ARS,10.0,0.0,0.0,Medium,34.0,,,,,,,,10.0,10.0,0.0,10.0,10.0,10.0,10.0,10.0,0.0,10.0,10.0,10.0
estados financieros sunat,ARS,10.0,0.0,0.0,Unknown,,,,,,,,,0.0,0.0,0.0,0.0,0.0,0.0,0.0,10.0,0.0,0.0,10.0,0.0
economía agrícola pdf,ARS,10.0,0.0,0.0,Low,8.0,,,,,,,,0.0,10.0,10.0,10.0,10.0,10.0,0.0,10.0,10.0,10.0,10.0,10.0
servicios bancarios y financieros,ARS,10.0,0.0,0.0,Low,0.0,,,,,,,,10.0,10.0,10.0,50.0,10.0,10.0,10.0,10.0,10.0,10.0,10.0,10.0
asesor inversiones,ARS,20.0,0.0,-33.0,High,70.0,87.37,482.62,,,,,,20.0,20.0,20.0,10.0,20.0,10.0,50.0,20.0,30.0,20.0,20.0,20.0
aliados financieros,ARS,10.0,0.0,0.0,Low,21.0,,,,,,,,10.0,10.0,10.0,10.0,10.0,10.0,10.0,10.0,10.0,10.0,10.0,10.0
establecimientos de crédito,ARS,10.0,-100.0,0.0,Unknown,,,,,,,,,10.0,10.0,10.0,10.0,10.0,10.0,20.0,0.0,10.0,10.0,10.0,0.0
estados financieros de apple,ARS,10.0,0.0,0.0,Low,14.0,,,,,,,,10.0,10.0,10.0,10.0,10.0,10.0,0.0,0.0,10.0,10.0,10.0,10.0
auditoria a los estados financieros,ARS,10.0,,0.0,Low,0.0,,,,,,,,10.0,0.0,0.0,0.0,10.0,0.0,0.0,0.0,0.0,0.0,10.0,10.0
contable y financiero,ARS,10.0,0.0,0.0,Low,12.0,,,,,,,,10.0,10.0,10.0,10.0,10.0,10.0,10.0,10.0,10.0,10.0,10.0,10.0
análisis financiero y de gestión,ARS,10.0,-100.0,-100.0,Unknown,,,,,,,,,10.0,10.0,10.0,10.0,10.0,0.0,10.0,0.0,0.0,10.0,10.0,0.0
sectores productivos pdf,ARS,10.0,0.0,0.0,Low,0.0,,,,,,,,10.0,10.0,10.0,10.0,10.0,10.0,0.0,0.0,10.0,10.0,10.0,10.0
estados financieros de una empresa de servicios,ARS,10.0,,0.0,Medium,33.0,,,,,,,,10.0,10.0,10.0,0.0,10.0,10.0,0.0,10.0,10.0,0.0,10.0,10.0
estados financieros de walmart 2022,ARS,10.0,,0.0,Low,14.0,,,,,,,,10.0,10.0,10.0,10.0,10.0,10.0,0.0,0.0,0.0,0.0,10.0,10.0
servicios bancarios para pymes,ARS,10.0,,,High,71.0,,,,,,,,0.0,10.0,0.0,0.0,0.0,0.0,0.0,0.0,0.0,0.0,0.0,10.0
servicios financieros oportunidades,ARS,0.0,0.0,0.0,Unknown,,,,,,,,,0.0,0.0,0.0,0.0,0.0,0.0,0.0,0.0,0.0,0.0,0.0,0.0
intermediarios financieros bancarios y no bancarios,ARS,10.0,100.0,0.0,Low,17.0,51.3,1511.23,,,,,,10.0,10.0,10.0,20.0,20.0,10.0,10.0,10.0,10.0,10.0,10.0,20.0
consorcio financiero sa,ARS,10.0,,0.0,Low,0.0,,,,,,,,0.0,0.0,10.0,10.0,0.0,0.0,0.0,0.0,0.0,0.0,0.0,10.0
asesores financieros cerca de mi,ARS,10.0,0.0,0.0,Unknown,,,,,,,,,0.0,0.0,0.0,0.0,0.0,0.0,0.0,0.0,0.0,0.0,10.0,0.0
entidades financieras república dominicana,ARS,10.0,0.0,0.0,Unknown,,,,,,,,,0.0,0.0,0.0,0.0,0.0,0.0,0.0,0.0,10.0,0.0,0.0,0.0
estados financieros cencosud,ARS,10.0,0.0,,Low,7.0,,,,,,,,0.0,10.0,10.0,10.0,10.0,0.0,10.0,10.0,10.0,10.0,10.0,10.0
financiera mi banco,ARS,10.0,0.0,0.0,Unknown,,,,,,,,,0.0,0.0,0.0,0.0,10.0,0.0,0.0,0.0,0.0,0.0,0.0,0.0
cordial compañia financiera telefono,ARS,70.0,-60.0,-71.0,Low,11.0,1.74,5.23,,,,,,50.0,70.0,90.0,90.0,90.0,50.0,90.0,50.0,70.0,50.0,50.0,20.0
óptima servicios financieros,ARS,10.0,,0.0,Low,0.0,,,,,,,,10.0,10.0,0.0,10.0,10.0,0.0,0.0,0.0,10.0,0.0,10.0,10.0
banco financiero inbursa,ARS,10.0,0.0,0.0,Unknown,,,,,,,,,0.0,0.0,10.0,0.0,0.0,0.0,0.0,0.0,0.0,0.0,0.0,0.0
iudu compañia financiera sa,ARS,30.0,-50.0,-75.0,Low,0.0,,,,,,,,10.0,20.0,30.0,70.0,20.0,50.0,30.0,20.0,90.0,20.0,40.0,10.0
la economia agroexportadora,ARS,140.0,133.0,0.0,Low,0.0,,,,,,,,110.0,210.0,210.0,210.0,260.0,70.0,30.0,40.0,50.0,90.0,110.0,210.0
servicios financieros empresas,ARS,10.0,-50.0,0.0,Medium,52.0,47.17,212.6,,,,,,10.0,10.0,10.0,10.0,10.0,10.0,10.0,10.0,10.0,20.0,20.0,10.0
estados financieros comerciales,ARS,10.0,,,Low,7.0,,,,,,,,0.0,0.0,0.0,10.0,10.0,10.0,10.0,0.0,0.0,0.0,0.0,10.0
servicios financieros cencosud,ARS,10.0,0.0,0.0,Low,27.0,13.91,123.27,,,,,,10.0,10.0,10.0,10.0,10.0,20.0,10.0,10.0,10.0,10.0,10.0,10.0
instituciones no financieras,ARS,10.0,0.0,0.0,Low,0.0,,,,,,,,0.0,10.0,0.0,0.0,10.0,10.0,10.0,0.0,10.0,10.0,10.0,10.0
falabella estados financieros,ARS,10.0,-100.0,-100.0,Unknown,,,,,,,,,10.0,10.0,0.0,10.0,10.0,0.0,0.0,0.0,10.0,10.0,0.0,0.0
instituciones financieras de inversión y financiamiento,ARS,10.0,0.0,0.0,Unknown,,,,,,,,,0.0,0.0,0.0,10.0,0.0,10.0,0.0,10.0,0.0,0.0,0.0,0.0
servicios financieros soriana,ARS,10.0,0.0,0.0,Unknown,,,,,,,,,0.0,10.0,0.0,0.0,0.0,0.0,0.0,0.0,0.0,0.0,0.0,0.0
servicios financieros que son,ARS,10.0,0.0,0.0,Low,0.0,,,,,,,,10.0,20.0,10.0,10.0,10.0,0.0,10.0,10.0,10.0,10.0,10.0,10.0
estados financieros de un banco,ARS,10.0,-100.0,-100.0,Unknown,,,,,,,,,0.0,0.0,10.0,0.0,10.0,10.0,0.0,0.0,10.0,10.0,10.0,0.0
campo de tejada servicios financieros,ARS,0.0,0.0,0.0,Unknown,,,,,,,,,0.0,0.0,0.0,0.0,0.0,0.0,0.0,0.0,0.0,0.0,0.0,0.0
grupo financiero popular,ARS,0.0,0.0,0.0,Unknown,,,,,,,,,0.0,0.0,0.0,0.0,0.0,0.0,0.0,0.0,0.0,0.0,0.0,0.0
asesores juridicos y financieros,ARS,0.0,0.0,0.0,Unknown,,,,,,,,,0.0,0.0,0.0,0.0,0.0,0.0,0.0,0.0,0.0,0.0,0.0,0.0
estados financieros apple,ARS,10.0,,0.0,Low,14.0,,,,,,,,10.0,10.0,10.0,10.0,10.0,10.0,0.0,10.0,10.0,0.0,10.0,10.0
asesor financiero precio,ARS,10.0,0.0,,High,67.0,,,,,,,,10.0,10.0,0.0,10.0,0.0,10.0,10.0,10.0,10.0,10.0,10.0,10.0
organización financiera personal,ARS,10.0,0.0,0.0,Medium,64.0,49.27,158.68,,,,,,10.0,10.0,10.0,20.0,10.0,10.0,10.0,10.0,10.0,10.0,20.0,10.0
análisis financiero que es,ARS,50.0,0.0,0.0,Low,11.0,14.69,67.97,,,,,,20.0,30.0,50.0,40.0,110.0,20.0,30.0,30.0,50.0,50.0,90.0,50.0
financiera cerca de mi,ARS,10.0,0.0,0.0,Medium,34.0,,,,,,,,10.0,30.0,10.0,10.0,10.0,10.0,70.0,10.0,10.0,10.0,10.0,10.0
instituciones financieras bancarias y no bancarias,ARS,10.0,0.0,,Medium,43.0,,,,,,,,10.0,10.0,0.0,10.0,10.0,0.0,0.0,0.0,10.0,10.0,10.0,10.0
sector economico agropecuario,ARS,10.0,0.0,0.0,Low,0.0,,,,,,,,0.0,10.0,10.0,10.0,10.0,10.0,0.0,0.0,10.0,10.0,10.0,10.0
instituciones de servicios financieros,ARS,10.0,-100.0,0.0,Unknown,,,,,,,,,0.0,0.0,0.0,0.0,0.0,0.0,0.0,0.0,0.0,10.0,10.0,0.0
estados financieros mensuales,ARS,10.0,,0.0,Low,0.0,,,,,,,,0.0,10.0,0.0,10.0,10.0,0.0,0.0,0.0,0.0,0.0,10.0,10.0
asesoria financiera que es,ARS,10.0,0.0,,Medium,36.0,,,,,,,,10.0,0.0,10.0,10.0,10.0,0.0,0.0,10.0,0.0,10.0,10.0,10.0
cencosud estados financieros,ARS,10.0,0.0,0.0,Low,0.0,,,,,,,,10.0,10.0,10.0,10.0,10.0,0.0,10.0,0.0,0.0,10.0,10.0,10.0
asesor financiero santander,ARS,10.0,0.0,,Medium,48.0,48.87,300.32,,,,,,10.0,10.0,10.0,10.0,0.0,10.0,10.0,10.0,10.0,10.0,10.0,10.0
cencosud servicios financieros,ARS,10.0,0.0,0.0,Low,21.0,1.67,269.0,,,,,,0.0,10.0,10.0,10.0,10.0,10.0,10.0,10.0,10.0,10.0,10.0,10.0
direccion financiera externa,ARS,0.0,0.0,0.0,Unknown,,,,,,,,,0.0,0.0,0.0,0.0,0.0,0.0,0.0,0.0,0.0,0.0,0.0,0.0
grupo financiero que es,ARS,10.0,0.0,0.0,Low,0.0,,,,,,,,10.0,10.0,10.0,10.0,10.0,10.0,10.0,10.0,10.0,10.0,10.0,10.0
auditoria contable y financiera,ARS,10.0,0.0,0.0,Low,0.0,,,,,,,,10.0,10.0,10.0,10.0,10.0,10.0,0.0,10.0,10.0,10.0,10.0,10.0
el control financiero,ARS,10.0,0.0,0.0,Unknown,,,,,,,,,0.0,0.0,0.0,0.0,0.0,0.0,0.0,10.0,10.0,0.0,0.0,0.0
auditoria no financiera,ARS,10.0,0.0,0.0,Unknown,,,,,,,,,0.0,0.0,0.0,10.0,10.0,0.0,0.0,0.0,0.0,0.0,0.0,0.0
asesoria contable y financiera,ARS,10.0,0.0,0.0,High,93.0,,,,,,,,10.0,10.0,10.0,10.0,10.0,10.0,10.0,10.0,10.0,10.0,10.0,10.0
ambito com financiero,ARS,50.0,-50.0,-75.0,Low,18.0,2.73,96.92,,,,,,140.0,50.0,30.0,30.0,10.0,50.0,140.0,70.0,90.0,20.0,30.0,10.0
mercados e intermediarios financieros,ARS,10.0,-100.0,-100.0,Unknown,,,,,,,,,0.0,10.0,10.0,10.0,10.0,0.0,0.0,0.0,10.0,10.0,0.0,0.0
pastor servicios financieros,ARS,10.0,0.0,0.0,Unknown,,,,,,,,,0.0,0.0,0.0,0.0,0.0,0.0,10.0,0.0,0.0,0.0,0.0,0.0
soluciones financieras online,ARS,10.0,0.0,0.0,Medium,64.0,,,,,,,,10.0,10.0,10.0,10.0,10.0,10.0,10.0,10.0,10.0,10.0,10.0,10.0
economía agropecuaria pdf,ARS,20.0,0.0,-25.0,Low,3.0,,,,,,,,10.0,20.0,20.0,10.0,20.0,10.0,10.0,10.0,70.0,30.0,30.0,30.0
enlace servicios financieros,ARS,10.0,0.0,0.0,Unknown,,,,,,,,,0.0,10.0,0.0,0.0,0.0,0.0,0.0,0.0,0.0,0.0,0.0,0.0
fortuna servicios financieros,ARS,0.0,0.0,0.0,Unknown,,,,,,,,,0.0,0.0,0.0,0.0,0.0,0.0,0.0,0.0,0.0,0.0,0.0,0.0
superintendencia de bancos y entidades financieras,ARS,10.0,-100.0,-100.0,Unknown,,,,,,,,,0.0,0.0,0.0,0.0,0.0,0.0,10.0,10.0,0.0,10.0,0.0,0.0
asesores de inversiones,ARS,110.0,56.0,56.0,High,69.0,112.98,360.38,,,,,,90.0,90.0,70.0,70.0,140.0,70.0,110.0,90.0,140.0,90.0,110.0,140.0
presupuesto financieros,ARS,590.0,50.0,-18.0,Low,12.0,32.68,118.0,,,,,,390.0,720.0,720.0,880.0,1000.0,480.0,70.0,320.0,320.0,480.0,590.0,720.0
espacios financieros cencosud,ARS,10.0,-100.0,-100.0,Unknown,,,,,,,,,10.0,0.0,10.0,0.0,0.0,0.0,10.0,10.0,10.0,10.0,0.0,0.0
economia sector terciario,ARS,260.0,-33.0,0.0,Low,0.0,,,,,,,,170.0,260.0,210.0,320.0,390.0,210.0,30.0,110.0,390.0,480.0,480.0,320.0
administracion financiera personal,ARS,10.0,100.0,100.0,High,68.0,41.35,97.93,,,,,,10.0,10.0,10.0,10.0,10.0,10.0,10.0,10.0,10.0,10.0,10.0,20.0
afi analistas financieros,ARS,10.0,0.0,0.0,Unknown,,,,,,,,,0.0,10.0,0.0,0.0,0.0,0.0,0.0,0.0,0.0,0.0,0.0,0.0
contabilidad tributaria y financiera,ARS,10.0,-100.0,-100.0,Unknown,,,,,,,,,10.0,0.0,0.0,0.0,0.0,10.0,10.0,0.0,10.0,10.0,0.0,0.0
control de gestion financiera,ARS,10.0,0.0,0.0,Medium,51.0,66.33,935.98,,,,,,10.0,10.0,10.0,10.0,10.0,10.0,10.0,10.0,10.0,10.0,10.0,10.0
los financieros,ARS,10.0,-100.0,-100.0,Unknown,,,,,,,,,10.0,10.0,10.0,10.0,10.0,0.0,0.0,0.0,0.0,10.0,10.0,0.0
intermediarios bancarios y no bancarios,ARS,10.0,0.0,0.0,Low,3.0,,,,,,,,10.0,10.0,10.0,10.0,10.0,10.0,0.0,10.0,10.0,10.0,10.0,10.0
auxiliar bancario administrativo y financiero,ARS,70.0,-22.0,133.0,Medium,60.0,25.75,66.2,,,,,,40.0,30.0,40.0,30.0,40.0,30.0,90.0,110.0,110.0,90.0,90.0,70.0
carrefour banco financiero,ARS,40.0,0.0,-40.0,Low,30.0,4.0,24.94,,,,,,50.0,30.0,50.0,40.0,70.0,40.0,50.0,50.0,20.0,30.0,40.0,30.0
apple estados financieros,ARS,10.0,-100.0,-100.0,Unknown,,,,,,,,,0.0,0.0,0.0,0.0,0.0,0.0,0.0,10.0,0.0,10.0,0.0,0.0
instituciones financieras que es,ARS,10.0,0.0,0.0,Low,0.0,,,,,,,,10.0,10.0,10.0,0.0,10.0,10.0,0.0,0.0,0.0,10.0,0.0,10.0
entidades de servicios financieros,ARS,10.0,0.0,-100.0,Unknown,,,,,,,,,0.0,0.0,10.0,10.0,10.0,10.0,10.0,0.0,10.0,0.0,0.0,0.0
asesores bancarios,ARS,10.0,0.0,-50.0,Medium,55.0,79.81,215.31,,,,,,10.0,20.0,10.0,20.0,10.0,10.0,10.0,10.0,10.0,10.0,20.0,10.0
estados financieros santander,ARS,10.0,0.0,0.0,Low,0.0,,,,,,,,10.0,10.0,10.0,10.0,10.0,10.0,10.0,10.0,10.0,10.0,10.0,10.0
tu asesor financiero,ARS,10.0,0.0,-50.0,Medium,43.0,,,,,,,,10.0,40.0,20.0,30.0,20.0,10.0,10.0,10.0,10.0,10.0,10.0,10.0
tores económicos,ARS,10.0,,0.0,Low,0.0,,,,,,,,10.0,10.0,10.0,0.0,10.0,10.0,0.0,0.0,0.0,0.0,10.0,10.0
bancos e instituciones financieras,ARS,10.0,0.0,-100.0,Unknown,,,,,,,,,10.0,10.0,10.0,10.0,10.0,10.0,0.0,0.0,10.0,0.0,0.0,0.0
economia de la agricultura,ARS,10.0,0.0,0.0,Low,30.0,25.36,99.87,,,,,,10.0,10.0,10.0,10.0,10.0,10.0,0.0,0.0,0.0,10.0,10.0,10.0
servicios financieros banco de venezuela,ARS,0.0,0.0,0.0,Unknown,,,,,,,,,0.0,0.0,0.0,0.0,0.0,0.0,0.0,0.0,0.0,0.0,0.0,0.0
estados financieros rappi,ARS,10.0,0.0,,Low,14.0,,,,,,,,0.0,10.0,10.0,10.0,0.0,0.0,0.0,0.0,0.0,10.0,0.0,10.0
afix servicios financieros,ARS,0.0,0.0,0.0,Unknown,,,,,,,,,0.0,0.0,0.0,0.0,0.0,0.0,0.0,0.0,0.0,0.0,0.0,0.0
sr servicios financieros,ARS,0.0,0.0,0.0,Unknown,,,,,,,,,0.0,0.0,0.0,0.0,0.0,0.0,0.0,0.0,0.0,0.0,0.0,0.0
economia en la agricultura,ARS,10.0,-100.0,-100.0,Unknown,,,,,,,,,10.0,0.0,0.0,10.0,0.0,10.0,0.0,10.0,10.0,10.0,0.0,0.0
entidad financiera santander,ARS,10.0,0.0,,Low,14.0,,,,,,,,10.0,10.0,0.0,10.0,0.0,10.0,10.0,10.0,10.0,10.0,0.0,10.0
banco de servicios financieros telefono,ARS,90.0,-29.0,-29.0,Low,28.0,3.53,23.39,,,,,,110.0,90.0,110.0,90.0,70.0,70.0,70.0,70.0,90.0,70.0,50.0,50.0
carrefour banco de servicios financieros,ARS,40.0,25.0,67.0,Low,29.0,2.73,8.18,,,,,,30.0,50.0,50.0,50.0,30.0,40.0,50.0,50.0,50.0,40.0,40.0,50.0
control financiero personal,ARS,10.0,0.0,,High,100.0,,,,,,,,10.0,10.0,10.0,0.0,10.0,10.0,10.0,10.0,10.0,10.0,10.0,10.0
banco general estados financieros,ARS,0.0,0.0,0.0,Unknown,,,,,,,,,0.0,0.0,0.0,0.0,0.0,0.0,0.0,0.0,0.0,0.0,0.0,0.0
rappi estados financieros,ARS,10.0,0.0,0.0,Unknown,,,,,,,,,0.0,10.0,10.0,0.0,10.0,10.0,10.0,10.0,10.0,0.0,10.0,0.0
inversiones en mercados financieros,ARS,10.0,0.0,0.0,High,70.0,139.24,240.26,,,,,,10.0,10.0,10.0,10.0,10.0,10.0,30.0,10.0,10.0,10.0,40.0,10.0
direccion financiera que es,ARS,10.0,0.0,,Low,0.0,,,,,,,,10.0,0.0,10.0,10.0,10.0,0.0,0.0,0.0,10.0,10.0,10.0,10.0
servicios financieros falabella,ARS,10.0,0.0,-100.0,Unknown,,,,,,,,,0.0,0.0,10.0,10.0,0.0,0.0,0.0,10.0,0.0,0.0,10.0,0.0
sector economico construccion,ARS,10.0,,0.0,Low,14.0,,,,,,,,0.0,0.0,10.0,10.0,0.0,0.0,10.0,0.0,0.0,0.0,10.0,10.0
cm soluciones financieras,ARS,0.0,0.0,0.0,Unknown,,,,,,,,,0.0,0.0,0.0,0.0,0.0,0.0,0.0,0.0,0.0,0.0,0.0,0.0
consede servicios financieros,ARS,0.0,0.0,0.0,Unknown,,,,,,,,,0.0,0.0,0.0,0.0,0.0,0.0,0.0,0.0,0.0,0.0,0.0,0.0
asesor financiero en estados unidos,ARS,10.0,0.0,0.0,High,94.0,191.11,927.65,,,,,,10.0,10.0,0.0,10.0,10.0,0.0,0.0,10.0,10.0,10.0,10.0,10.0
estados financieros integrales,ARS,10.0,0.0,0.0,Unknown,,,,,,,,,10.0,0.0,0.0,0.0,0.0,0.0,0.0,0.0,0.0,0.0,0.0,0.0
consultor financiero ovb,ARS,10.0,0.0,0.0,Unknown,,,,,,,,,0.0,0.0,0.0,0.0,0.0,10.0,10.0,10.0,0.0,0.0,0.0,0.0
asesoramiento financiero que es,ARS,110.0,-18.0,0.0,Medium,34.0,32.76,256.64,,,,,,110.0,110.0,90.0,110.0,70.0,90.0,110.0,110.0,110.0,110.0,110.0,90.0
banco servicios financieros carrefour,ARS,50.0,0.0,-29.0,Low,29.0,3.68,22.9,,,,,,50.0,50.0,40.0,70.0,70.0,50.0,70.0,50.0,50.0,50.0,70.0,50.0
deudas superintendencia de bancos,ARS,10.0,-100.0,0.0,Unknown,,,,,,,,,0.0,0.0,0.0,10.0,0.0,0.0,0.0,0.0,0.0,10.0,0.0,0.0
consultor financiero independiente,ARS,10.0,0.0,0.0,High,81.0,39.92,219.86,,,,,,10.0,10.0,10.0,10.0,10.0,10.0,10.0,10.0,10.0,10.0,10.0,10.0
gestion financiero,ARS,480.0,0.0,0.0,Medium,43.0,50.96,233.25,,,,,,390.0,590.0,480.0,590.0,880.0,390.0,210.0,390.0,720.0,480.0,480.0,480.0
banco financiero de carrefour,ARS,10.0,0.0,-67.0,Medium,39.0,3.16,9.42,,,,,,20.0,10.0,10.0,10.0,10.0,10.0,20.0,10.0,30.0,10.0,10.0,10.0
en que consiste la auditoria financiera,ARS,10.0,-100.0,0.0,Unknown,,,,,,,,,0.0,0.0,0.0,10.0,0.0,0.0,0.0,0.0,0.0,10.0,10.0,0.0
asesor finanzas personales,ARS,10.0,0.0,0.0,High,76.0,106.2,325.2,,,,,,0.0,10.0,10.0,10.0,10.0,10.0,10.0,10.0,10.0,10.0,10.0,10.0
estados financieros de toyota,ARS,10.0,0.0,,Low,0.0,,,,,,,,10.0,10.0,10.0,10.0,10.0,0.0,0.0,10.0,10.0,10.0,10.0,10.0
control financiero que es,ARS,10.0,0.0,0.0,Low,3.0,,,,,,,,10.0,0.0,10.0,0.0,10.0,10.0,0.0,10.0,0.0,10.0,10.0,10.0
establecimiento financiero,ARS,10.0,0.0,0.0,Low,31.0,,,,,,,,10.0,10.0,10.0,10.0,10.0,10.0,0.0,10.0,10.0,10.0,10.0,10.0
estados financieros latam,ARS,10.0,-100.0,-100.0,Unknown,,,,,,,,,10.0,0.0,10.0,10.0,0.0,0.0,0.0,0.0,0.0,10.0,10.0,0.0
came financiera préstamos,ARS,0.0,0.0,0.0,Unknown,,,,,,,,,0.0,0.0,0.0,0.0,0.0,0.0,0.0,0.0,0.0,0.0,0.0,0.0
presupuesto financiero personal,ARS,10.0,0.0,0.0,Low,24.0,7.89,38.9,,,,,,10.0,10.0,0.0,10.0,10.0,10.0,10.0,10.0,10.0,10.0,10.0,10.0
financiamiento financiero,ARS,10.0,0.0,-100.0,Unknown,,,,,,,,,10.0,0.0,0.0,10.0,10.0,10.0,10.0,10.0,10.0,0.0,0.0,0.0
entidades financieras en república dominicana,ARS,0.0,0.0,0.0,Unknown,,,,,,,,,0.0,0.0,0.0,0.0,0.0,0.0,0.0,0.0,0.0,0.0,0.0,0.0
asesor de inversiones independiente,ARS,10.0,0.0,0.0,High,67.0,,,,,,,,10.0,10.0,0.0,0.0,10.0,10.0,10.0,10.0,10.0,10.0,10.0,10.0
estados financieros para bancos,ARS,10.0,-100.0,0.0,Unknown,,,,,,,,,10.0,0.0,0.0,0.0,10.0,0.0,10.0,0.0,0.0,10.0,0.0,0.0
telefono de acceso financiero,ARS,10.0,,0.0,Low,0.0,,,,,,,,0.0,0.0,0.0,0.0,0.0,0.0,10.0,0.0,0.0,0.0,0.0,10.0
administracion financiero,ARS,720.0,-18.0,0.0,Medium,48.0,45.82,140.82,,,,,,590.0,880.0,720.0,720.0,720.0,480.0,480.0,590.0,1300.0,880.0,880.0,720.0
mejores asesores financieros,ARS,10.0,0.0,0.0,Medium,64.0,,,,,,,,10.0,0.0,10.0,10.0,10.0,0.0,10.0,10.0,0.0,10.0,0.0,10.0
santander estados financieros,ARS,10.0,0.0,,Low,4.0,,,,,,,,0.0,10.0,0.0,10.0,10.0,10.0,10.0,0.0,10.0,10.0,10.0,10.0
analisis financiero de un banco,ARS,10.0,,0.0,High,93.0,,,,,,,,10.0,0.0,10.0,0.0,0.0,0.0,0.0,0.0,0.0,0.0,10.0,10.0
administración bancaria y financiera que es,ARS,10.0,0.0,0.0,Unknown,,,,,,,,,0.0,0.0,0.0,0.0,10.0,10.0,0.0,0.0,10.0,0.0,0.0,0.0
consultoria financiera que es,ARS,10.0,0.0,0.0,Low,29.0,17.59,155.62,,,,,,10.0,10.0,20.0,10.0,10.0,10.0,10.0,20.0,10.0,10.0,20.0,10.0
consultoria financiera empresarial,ARS,10.0,-100.0,-100.0,Unknown,,,,,,,,,10.0,0.0,10.0,0.0,10.0,10.0,10.0,0.0,0.0,10.0,10.0,0.0
servicios financieros globales,ARS,10.0,0.0,-100.0,Unknown,,,,,,,,,0.0,0.0,0.0,0.0,0.0,0.0,0.0,0.0,0.0,0.0,10.0,0.0
financieras en republica dominicana,ARS,10.0,0.0,0.0,Unknown,,,,,,,,,0.0,10.0,0.0,10.0,0.0,10.0,0.0,10.0,10.0,0.0,10.0,0.0
gestion financiera de proyectos,ARS,10.0,,0.0,High,100.0,,,,,,,,10.0,10.0,10.0,10.0,10.0,10.0,10.0,10.0,10.0,0.0,0.0,10.0
asesor bursatil,ARS,10.0,100.0,100.0,High,73.0,93.01,412.05,,,,,,10.0,10.0,10.0,20.0,10.0,10.0,10.0,10.0,10.0,10.0,10.0,20.0
contabilidad de bancos y entidades financieras,ARS,10.0,0.0,0.0,Unknown,,,,,,,,,10.0,0.0,10.0,10.0,10.0,10.0,0.0,10.0,0.0,0.0,0.0,0.0
economia y agricultura,ARS,10.0,0.0,0.0,Low,16.0,,,,,,,,10.0,10.0,10.0,10.0,10.0,0.0,10.0,10.0,10.0,10.0,10.0,10.0
financieras no bancarias,ARS,10.0,0.0,0.0,Low,14.0,,,,,,,,10.0,0.0,10.0,10.0,10.0,10.0,10.0,10.0,0.0,10.0,10.0,10.0
inversiones financiera,ARS,260.0,-19.0,0.0,Medium,51.0,74.31,201.45,,,,,,260.0,260.0,320.0,260.0,320.0,210.0,260.0,210.0,320.0,320.0,320.0,260.0
financiera walmart,ARS,30.0,-50.0,-80.0,Low,20.0,,,,,,,,30.0,50.0,50.0,50.0,40.0,30.0,50.0,20.0,20.0,20.0,20.0,10.0
campo financiero,ARS,10.0,0.0,-50.0,Low,21.0,14.45,63.79,,,,,,10.0,20.0,10.0,10.0,10.0,10.0,10.0,10.0,10.0,10.0,10.0,10.0
banco de servicios financieros carrefour telefono,ARS,20.0,50.0,200.0,Low,13.0,3.55,4.28,,,,,,20.0,10.0,20.0,20.0,50.0,10.0,40.0,20.0,10.0,20.0,10.0,30.0
banco de venezuela servicios financieros,ARS,0.0,0.0,0.0,Unknown,,,,,,,,,0.0,0.0,0.0,0.0,0.0,0.0,0.0,0.0,0.0,0.0,0.0,0.0
telefono de cordial financiera,ARS,40.0,50.0,-25.0,Low,6.0,,,,,,,,50.0,90.0,50.0,50.0,50.0,30.0,20.0,30.0,30.0,20.0,20.0,30.0
estados financieros de coppel,ARS,0.0,0.0,0.0,Unknown,,,,,,,,,0.0,0.0,0.0,0.0,0.0,0.0,0.0,0.0,0.0,0.0,0.0,0.0
sector terciario servicios financieros,ARS,10.0,0.0,0.0,Low,29.0,,,,,,,,0.0,10.0,10.0,10.0,10.0,0.0,0.0,0.0,0.0,10.0,10.0,10.0
latam estados financieros,ARS,10.0,0.0,0.0,Unknown,,,,,,,,,0.0,10.0,0.0,0.0,10.0,0.0,0.0,0.0,10.0,0.0,0.0,0.0
contabilidad financiera y fiscal,ARS,10.0,0.0,0.0,Unknown,,,,,,,,,10.0,0.0,0.0,0.0,0.0,0.0,0.0,0.0,0.0,0.0,0.0,0.0
financiero en contabilidad,ARS,10.0,0.0,,Low,0.0,,,,,,,,10.0,0.0,0.0,10.0,10.0,0.0,0.0,10.0,0.0,10.0,0.0,10.0
inbursa asesores financieros,ARS,10.0,0.0,0.0,Unknown,,,,,,,,,0.0,0.0,0.0,10.0,0.0,0.0,0.0,0.0,10.0,0.0,0.0,0.0
la economía agropecuaria,ARS,10.0,0.0,0.0,Low,5.0,,,,,,,,10.0,10.0,10.0,10.0,10.0,10.0,0.0,10.0,10.0,10.0,10.0,10.0
servicios contables y financieros,ARS,10.0,0.0,,Low,29.0,,,,,,,,0.0,0.0,0.0,0.0,0.0,0.0,0.0,10.0,0.0,10.0,0.0,10.0
contabilidad financiero,ARS,480.0,-19.0,-19.0,Medium,38.0,33.26,105.2,,,,,,390.0,590.0,480.0,390.0,480.0,260.0,260.0,480.0,720.0,480.0,590.0,390.0
costos de financieros,ARS,10.0,0.0,0.0,Low,0.0,,,,,,,,0.0,10.0,10.0,10.0,10.0,10.0,0.0,0.0,10.0,10.0,10.0,10.0
el financiero creditos,ARS,10.0,0.0,0.0,Unknown,,,,,,,,,0.0,0.0,0.0,0.0,0.0,0.0,10.0,0.0,0.0,0.0,0.0,0.0
cyc consejería en servicios financieros,ARS,0.0,0.0,0.0,Unknown,,,,,,,,,0.0,0.0,0.0,0.0,0.0,0.0,0.0,0.0,0.0,0.0,0.0,0.0
mejores asesores financieros independientes,ARS,0.0,0.0,0.0,Unknown,,,,,,,,,0.0,0.0,0.0,0.0,0.0,0.0,0.0,0.0,0.0,0.0,0.0,0.0
clientes financieros,ARS,10.0,0.0,0.0,Low,8.0,,,,,,,,10.0,10.0,10.0,10.0,10.0,10.0,10.0,10.0,10.0,10.0,10.0,10.0
asesor financiero inversiones,ARS,10.0,0.0,0.0,High,71.0,,,,,,,,10.0,10.0,0.0,10.0,10.0,10.0,10.0,10.0,0.0,10.0,10.0,10.0
falabella servicios financieros,ARS,10.0,,,Low,0.0,,,,,,,,0.0,0.0,10.0,10.0,0.0,0.0,0.0,0.0,10.0,0.0,10.0,10.0
un banco es una entidad financiera,ARS,10.0,0.0,0.0,Low,0.0,,,,,,,,10.0,10.0,10.0,10.0,10.0,10.0,10.0,10.0,10.0,10.0,10.0,10.0
maximiliano leguizamo asesor financiero,ARS,50.0,1000.0,,Medium,40.0,51.29,256.64,,,,,,0.0,0.0,10.0,50.0,260.0,40.0,20.0,10.0,70.0,10.0,0.0,110.0
liderbciserviciosfinancieros,ARS,0.0,0.0,0.0,Unknown,,,,,,,,,0.0,0.0,0.0,0.0,0.0,0.0,0.0,0.0,0.0,0.0,0.0,0.0
toyota estados financieros,ARS,10.0,0.0,0.0,Low,14.0,,,,,,,,0.0,0.0,0.0,10.0,0.0,10.0,0.0,0.0,0.0,10.0,10.0,10.0
auditoria financiera externa,ARS,10.0,0.0,0.0,Unknown,,,,,,,,,0.0,0.0,0.0,10.0,0.0,0.0,0.0,0.0,10.0,0.0,0.0,0.0
citibanamex estados financieros,ARS,10.0,0.0,0.0,Unknown,,,,,,,,,10.0,0.0,10.0,10.0,0.0,10.0,0.0,0.0,0.0,0.0,0.0,0.0
servicios financieros cuales son,ARS,10.0,0.0,0.0,Unknown,,,,,,,,,0.0,0.0,10.0,10.0,0.0,0.0,0.0,0.0,10.0,0.0,10.0,0.0
servicios financieros sector terciario,ARS,10.0,0.0,0.0,Unknown,,,,,,,,,0.0,10.0,0.0,10.0,0.0,0.0,0.0,0.0,10.0,0.0,10.0,0.0
estados financieros de elektra,ARS,0.0,0.0,0.0,Unknown,,,,,,,,,0.0,0.0,0.0,0.0,0.0,0.0,0.0,0.0,0.0,0.0,0.0,0.0
gestion de estados financieros,ARS,0.0,0.0,0.0,Unknown,,,,,,,,,0.0,0.0,0.0,0.0,0.0,0.0,0.0,0.0,0.0,0.0,0.0,0.0
grupo financiero gst,ARS,30.0,0.0,200.0,Low,1.0,,,,,,,,10.0,20.0,90.0,20.0,20.0,20.0,10.0,10.0,40.0,30.0,40.0,30.0
instituciones financieras en república dominicana,ARS,0.0,0.0,0.0,Unknown,,,,,,,,,0.0,0.0,0.0,0.0,0.0,0.0,0.0,0.0,0.0,0.0,0.0,0.0
trainer financiero,ARS,20.0,0.0,0.0,Medium,60.0,84.0,133.22,,,,,,20.0,20.0,20.0,10.0,10.0,10.0,20.0,20.0,20.0,10.0,10.0,10.0
servicios que brindan las instituciones financieras,ARS,0.0,0.0,0.0,Unknown,,,,,,,,,0.0,0.0,0.0,0.0,0.0,0.0,0.0,0.0,0.0,0.0,0.0,0.0
asesoramiento de inversiones,ARS,10.0,0.0,0.0,Medium,62.0,110.29,391.81,,,,,,10.0,10.0,10.0,10.0,10.0,10.0,10.0,10.0,10.0,10.0,10.0,10.0
banco entidad financiera,ARS,10.0,0.0,0.0,Low,19.0,62.09,92.47,,,,,,10.0,10.0,20.0,10.0,10.0,10.0,10.0,20.0,20.0,10.0,20.0,10.0
planificadores financieros,ARS,40.0,150.0,-55.0,Medium,51.0,38.06,170.98,,,,,,70.0,30.0,50.0,50.0,20.0,20.0,70.0,40.0,40.0,20.0,40.0,50.0
banco financiero argentino,ARS,40.0,67.0,0.0,Low,27.0,5.77,186.79,,,,,,30.0,20.0,40.0,40.0,40.0,40.0,40.0,40.0,50.0,30.0,30.0,50.0
gestion financiera personal,ARS,10.0,0.0,0.0,High,100.0,,,,,,,,10.0,10.0,10.0,10.0,10.0,10.0,10.0,10.0,10.0,10.0,10.0,10.0
contadores tributarios y financieros,ARS,10.0,0.0,-100.0,Unknown,,,,,,,,,0.0,0.0,0.0,0.0,0.0,10.0,0.0,0.0,0.0,0.0,10.0,0.0
los mejores asesores financieros,ARS,10.0,0.0,,High,100.0,,,,,,,,0.0,10.0,10.0,10.0,10.0,0.0,10.0,10.0,0.0,10.0,10.0,10.0
contempora servicios financieros,ARS,10.0,0.0,0.0,Unknown,,,,,,,,,0.0,0.0,0.0,0.0,0.0,10.0,0.0,0.0,0.0,0.0,10.0,0.0
sectores de la economía mundial,ARS,10.0,-100.0,-100.0,Unknown,,,,,,,,,10.0,10.0,10.0,20.0,0.0,10.0,10.0,0.0,10.0,10.0,0.0,0.0
los servicios financieros son,ARS,0.0,0.0,0.0,Unknown,,,,,,,,,0.0,0.0,0.0,0.0,0.0,0.0,0.0,0.0,0.0,0.0,0.0,0.0
financieros que es,ARS,590.0,0.0,22.0,Low,8.0,12.44,64.57,,,,,,480.0,590.0,480.0,590.0,590.0,390.0,480.0,480.0,720.0,720.0,720.0,720.0
grupo financiero sas,ARS,10.0,0.0,0.0,Unknown,,,,,,,,,0.0,0.0,10.0,0.0,0.0,0.0,0.0,0.0,10.0,0.0,0.0,0.0
financiero que hace,ARS,10.0,0.0,,Low,14.0,,,,,,,,10.0,10.0,10.0,10.0,0.0,10.0,10.0,10.0,10.0,10.0,10.0,10.0
sector primario secundario y terciario pdf,ARS,10.0,0.0,,Low,0.0,,,,,,,,0.0,10.0,10.0,10.0,0.0,10.0,10.0,0.0,0.0,10.0,0.0,10.0
servicios de asesoría financiera,ARS,10.0,0.0,0.0,High,86.0,,,,,,,,0.0,10.0,10.0,10.0,0.0,10.0,0.0,0.0,0.0,10.0,10.0,10.0
cuenta inversiones financieras,ARS,10.0,0.0,,Medium,43.0,,,,,,,,0.0,0.0,0.0,0.0,0.0,0.0,0.0,0.0,0.0,10.0,10.0,10.0
sector terciario de la ganadería,ARS,10.0,0.0,0.0,Low,3.0,,,,,,,,10.0,20.0,10.0,0.0,10.0,10.0,0.0,0.0,10.0,10.0,10.0,10.0
iudu compañía financiera,ARS,30.0,100.0,-60.0,Low,11.0,2.73,47.85,,,,,,40.0,50.0,40.0,40.0,40.0,30.0,30.0,10.0,20.0,10.0,20.0,20.0
10 instituciones financieras,ARS,0.0,0.0,0.0,Unknown,,,,,,,,,0.0,0.0,0.0,0.0,0.0,0.0,0.0,0.0,0.0,0.0,0.0,0.0
agricultura sector secundario,ARS,10.0,0.0,0.0,Low,2.0,,,,,,,,0.0,10.0,10.0,10.0,10.0,10.0,0.0,10.0,10.0,10.0,10.0,10.0
asesoria financiera para pymes,ARS,10.0,0.0,-100.0,Unknown,,,,,,,,,10.0,10.0,10.0,10.0,10.0,0.0,10.0,10.0,10.0,0.0,10.0,0.0
estados financieros banco falabella,ARS,0.0,0.0,0.0,Unknown,,,,,,,,,0.0,0.0,0.0,0.0,0.0,0.0,0.0,0.0,0.0,0.0,0.0,0.0
asesor financiero particulares,ARS,10.0,0.0,,High,71.0,52.39,1507.64,,,,,,0.0,0.0,10.0,10.0,0.0,0.0,0.0,10.0,0.0,10.0,10.0,10.0
reba transatlantica compañia financiera,ARS,10.0,-100.0,-100.0,Unknown,,,,,,,,,10.0,10.0,10.0,10.0,10.0,10.0,10.0,20.0,20.0,10.0,0.0,0.0
emisores financieros,ARS,10.0,0.0,,Low,0.0,,,,,,,,0.0,0.0,0.0,0.0,10.0,0.0,10.0,0.0,0.0,10.0,0.0,10.0
financiera grupo monge,ARS,10.0,0.0,0.0,Unknown,,,,,,,,,0.0,0.0,0.0,10.0,0.0,0.0,0.0,0.0,0.0,0.0,0.0,0.0
gestión de activos financieros,ARS,10.0,0.0,,Medium,60.0,54.64,1117.04,,,,,,0.0,10.0,10.0,10.0,10.0,10.0,10.0,10.0,10.0,10.0,10.0,10.0
grupo financiero principal,ARS,10.0,0.0,0.0,Unknown,,,,,,,,,0.0,10.0,0.0,0.0,0.0,0.0,0.0,10.0,0.0,0.0,10.0,0.0
grupo financiero unión,ARS,20.0,0.0,-50.0,Medium,44.0,13.39,22.82,,,,,,20.0,20.0,10.0,30.0,30.0,20.0,30.0,40.0,10.0,10.0,10.0,10.0
bancaria y financiera,ARS,10.0,0.0,0.0,Medium,50.0,,,,,,,,0.0,10.0,10.0,0.0,10.0,10.0,10.0,10.0,10.0,10.0,10.0,10.0
consultoria administrativa y estrategia financiera,ARS,10.0,0.0,0.0,Unknown,,,,,,,,,0.0,0.0,0.0,10.0,0.0,0.0,10.0,10.0,0.0,0.0,0.0,0.0
telefono cordial compañia financiera,ARS,20.0,0.0,-67.0,Low,17.0,,,,,,,,20.0,20.0,20.0,30.0,20.0,30.0,10.0,10.0,10.0,10.0,10.0,10.0
telefono financiera,ARS,10.0,0.0,0.0,Unknown,,,,,,,,,0.0,10.0,10.0,0.0,0.0,0.0,10.0,0.0,0.0,0.0,0.0,0.0
asesor fiscal y financiero,ARS,10.0,0.0,0.0,Unknown,,,,,,,,,0.0,0.0,0.0,0.0,10.0,0.0,10.0,0.0,0.0,0.0,0.0,0.0
oxxo servicios financieros,ARS,10.0,-100.0,-100.0,Unknown,,,,,,,,,0.0,10.0,10.0,0.0,10.0,0.0,0.0,10.0,10.0,10.0,10.0,0.0
servicios financieros santander consumer,ARS,10.0,0.0,0.0,Unknown,,,,,,,,,0.0,0.0,0.0,0.0,0.0,0.0,10.0,0.0,0.0,0.0,0.0,0.0
estados financieros toyota,ARS,10.0,0.0,0.0,Low,7.0,,,,,,,,0.0,0.0,10.0,10.0,0.0,0.0,0.0,10.0,0.0,10.0,0.0,10.0
consultoria administrativa y financiera,ARS,10.0,0.0,-100.0,Unknown,,,,,,,,,10.0,10.0,10.0,0.0,0.0,0.0,0.0,0.0,10.0,0.0,0.0,0.0
aspiria financiera,ARS,0.0,0.0,0.0,Unknown,,,,,,,,,0.0,0.0,0.0,0.0,0.0,0.0,0.0,0.0,0.0,0.0,0.0,0.0
economia de agricultura,ARS,10.0,0.0,0.0,Low,0.0,,,,,,,,10.0,10.0,10.0,10.0,10.0,10.0,10.0,0.0,0.0,10.0,10.0,10.0
cordial financiera teléfonos,ARS,10.0,,-67.0,Low,10.0,,,,,,,,10.0,20.0,30.0,30.0,10.0,10.0,10.0,0.0,10.0,0.0,0.0,10.0
administracion bancaria y financiera en que consiste,ARS,10.0,0.0,-100.0,Unknown,,,,,,,,,0.0,0.0,0.0,0.0,10.0,0.0,0.0,0.0,0.0,0.0,0.0,0.0
crédito con instituciones financieras,ARS,0.0,0.0,0.0,Unknown,,,,,,,,,0.0,0.0,0.0,0.0,0.0,0.0,0.0,0.0,0.0,0.0,0.0,0.0
economía del sector público stiglitz 4ta edición pdf gratis,ARS,10.0,0.0,0.0,Low,2.0,,,,,,,,10.0,10.0,10.0,10.0,0.0,0.0,10.0,10.0,10.0,10.0,10.0,10.0
auditoria financiera y de gestion,ARS,10.0,0.0,-100.0,Unknown,,,,,,,,,0.0,0.0,0.0,0.0,10.0,0.0,0.0,0.0,0.0,0.0,0.0,0.0
entidades financieras bancarias,ARS,10.0,0.0,0.0,Low,16.0,,,,,,,,20.0,10.0,10.0,10.0,10.0,10.0,10.0,10.0,10.0,10.0,10.0,10.0
maxxa servicios financieros,ARS,10.0,,,Low,14.0,,,,,,,,0.0,0.0,0.0,0.0,0.0,0.0,0.0,0.0,0.0,0.0,0.0,10.0
fiscal financiero,ARS,10.0,0.0,,Low,14.0,,,,,,,,10.0,10.0,0.0,0.0,10.0,0.0,0.0,0.0,10.0,10.0,0.0,10.0
fomento financiero,ARS,10.0,0.0,0.0,Unknown,,,,,,,,,0.0,0.0,0.0,10.0,10.0,0.0,0.0,0.0,0.0,0.0,0.0,0.0
asesores financieros que hacen,ARS,10.0,0.0,0.0,Unknown,,,,,,,,,10.0,0.0,0.0,0.0,0.0,10.0,10.0,10.0,10.0,0.0,10.0,0.0
pago financiero,ARS,10.0,0.0,0.0,Low,0.0,,,,,,,,10.0,10.0,10.0,10.0,10.0,10.0,10.0,10.0,10.0,10.0,10.0,10.0
cuenta intereses financieros,ARS,10.0,0.0,0.0,Unknown,,,,,,,,,10.0,0.0,10.0,10.0,10.0,0.0,10.0,0.0,0.0,0.0,0.0,0.0
negocios bancarios y financieros,ARS,10.0,0.0,0.0,High,86.0,,,,,,,,10.0,10.0,0.0,0.0,10.0,0.0,10.0,0.0,0.0,10.0,0.0,10.0
servicios financieros carrefour cif,ARS,0.0,0.0,0.0,Unknown,,,,,,,,,0.0,0.0,0.0,0.0,0.0,0.0,0.0,0.0,0.0,0.0,0.0,0.0
consultoria economica financiera,ARS,10.0,0.0,0.0,Medium,64.0,,,,,,,,10.0,10.0,10.0,10.0,10.0,10.0,10.0,10.0,10.0,10.0,10.0,10.0
asesor financiero quito,ARS,10.0,0.0,0.0,Unknown,,,,,,,,,0.0,0.0,0.0,0.0,0.0,0.0,0.0,0.0,0.0,0.0,10.0,0.0
administracion bancaria y financiera sise,ARS,0.0,0.0,-100.0,Unknown,,,,,,,,,0.0,0.0,0.0,0.0,0.0,0.0,0.0,0.0,0.0,0.0,0.0,0.0
descuentos comerciales y financieros,ARS,10.0,-50.0,-50.0,Low,23.0,118.33,891.58,,,,,,10.0,10.0,20.0,10.0,10.0,10.0,10.0,10.0,10.0,20.0,10.0,10.0
auditoria de financiera,ARS,0.0,0.0,0.0,Unknown,,,,,,,,,0.0,0.0,0.0,0.0,0.0,0.0,0.0,0.0,0.0,0.0,0.0,0.0
mi asesor financiero,ARS,10.0,,0.0,Medium,57.0,,,,,,,,0.0,0.0,0.0,10.0,0.0,10.0,10.0,10.0,10.0,0.0,10.0,10.0
entidades financieras no reguladas,ARS,10.0,0.0,0.0,Unknown,,,,,,,,,10.0,10.0,0.0,0.0,0.0,0.0,10.0,0.0,0.0,0.0,0.0,0.0
administración financiera y tributaria,ARS,10.0,0.0,-100.0,Unknown,,,,,,,,,0.0,0.0,10.0,10.0,0.0,0.0,0.0,0.0,0.0,0.0,0.0,0.0
financiera credi ya,ARS,10.0,,,Medium,49.0,22.73,133.69,,,,,,10.0,10.0,0.0,10.0,0.0,0.0,0.0,0.0,10.0,0.0,0.0,10.0
intermediarios no financieros,ARS,10.0,-100.0,-100.0,Unknown,,,,,,,,,0.0,0.0,0.0,10.0,10.0,0.0,0.0,10.0,10.0,10.0,0.0,0.0
servcafin,ARS,0.0,0.0,0.0,Unknown,,,,,,,,,0.0,0.0,0.0,0.0,0.0,0.0,0.0,0.0,0.0,0.0,0.0,0.0
banco financiero telefono,ARS,10.0,0.0,0.0,Low,26.0,,,,,,,,10.0,10.0,10.0,10.0,10.0,10.0,10.0,10.0,10.0,10.0,10.0,10.0
centro empresarial financiero,ARS,0.0,0.0,0.0,Unknown,,,,,,,,,0.0,0.0,0.0,0.0,0.0,0.0,0.0,0.0,0.0,0.0,0.0,0.0
estados financieros elektra,ARS,10.0,-100.0,0.0,Unknown,,,,,,,,,0.0,0.0,0.0,0.0,0.0,0.0,0.0,0.0,0.0,10.0,0.0,0.0
3 instituciones financieras,ARS,0.0,0.0,0.0,Unknown,,,,,,,,,0.0,0.0,0.0,0.0,0.0,0.0,0.0,0.0,0.0,0.0,0.0,0.0
creditos y servicios financieros,ARS,10.0,0.0,0.0,Unknown,,,,,,,,,0.0,0.0,0.0,0.0,0.0,10.0,0.0,0.0,0.0,0.0,0.0,0.0
estados financieros de volkswagen,ARS,10.0,0.0,-100.0,Unknown,,,,,,,,,10.0,10.0,0.0,0.0,0.0,0.0,0.0,0.0,0.0,0.0,10.0,0.0
instituciones financieras que apoyan a emprendedores,ARS,10.0,-100.0,0.0,Unknown,,,,,,,,,0.0,0.0,0.0,0.0,0.0,0.0,0.0,0.0,10.0,10.0,0.0,0.0
asesoria financiera particulares,ARS,10.0,0.0,-100.0,Unknown,,,,,,,,,0.0,10.0,0.0,0.0,0.0,0.0,0.0,0.0,0.0,0.0,0.0,0.0
con que financiera trabaja carrefour,ARS,10.0,0.0,0.0,Unknown,,,,,,,,,10.0,10.0,10.0,0.0,0.0,10.0,10.0,10.0,10.0,0.0,10.0,0.0
contabilidad y gestión financiera,ARS,10.0,,400.0,Medium,57.0,51.39,226.78,,,,,,10.0,10.0,10.0,10.0,10.0,0.0,10.0,10.0,10.0,0.0,10.0,50.0
instituciones financieras cuales son,ARS,10.0,,,Low,29.0,,,,,,,,0.0,10.0,0.0,10.0,0.0,10.0,0.0,0.0,0.0,0.0,10.0,10.0
analisis financiero bancario,ARS,10.0,0.0,0.0,Unknown,,,,,,,,,0.0,0.0,0.0,0.0,0.0,10.0,0.0,0.0,0.0,0.0,0.0,0.0
sector economico de una empresa de construccion,ARS,10.0,0.0,0.0,Unknown,,,,,,,,,0.0,0.0,0.0,0.0,10.0,0.0,0.0,0.0,10.0,0.0,0.0,0.0
sectores economicos mundiales,ARS,10.0,0.0,-100.0,Unknown,,,,,,,,,0.0,0.0,0.0,0.0,10.0,10.0,0.0,0.0,0.0,0.0,0.0,0.0
consultoria sector cuaternario,ARS,10.0,0.0,,Low,0.0,,,,,,,,0.0,10.0,0.0,0.0,0.0,0.0,0.0,0.0,0.0,10.0,10.0,10.0
la economia primaria,ARS,10.0,,0.0,Low,0.0,,,,,,,,0.0,0.0,10.0,10.0,10.0,10.0,0.0,0.0,0.0,0.0,0.0,10.0
sector economico de claro,ARS,10.0,0.0,-100.0,Unknown,,,,,,,,,0.0,0.0,0.0,0.0,0.0,0.0,0.0,0.0,10.0,0.0,0.0,0.0
sector agropecuario economia,ARS,10.0,,0.0,Low,0.0,,,,,,,,0.0,10.0,10.0,10.0,10.0,0.0,0.0,0.0,10.0,0.0,0.0,10.0
sectores de la economia social,ARS,10.0,0.0,0.0,Low,0.0,,,,,,,,10.0,10.0,10.0,20.0,10.0,10.0,0.0,10.0,10.0,10.0,10.0,10.0
